{
  "hash": "4964f648",
  "configHash": "322fa610",
  "lockfileHash": "b8bba114",
  "browserHash": "1b271792",
  "optimized": {
    "@angular/common": {
      "src": "../../../../../../node_modules/@angular/common/fesm2022/common.mjs",
      "file": "@angular_common.js",
      "fileHash": "ab069f91",
      "needsInterop": false
    },
    "@angular/common/http": {
      "src": "../../../../../../node_modules/@angular/common/fesm2022/http.mjs",
      "file": "@angular_common_http.js",
      "fileHash": "24dc6f03",
      "needsInterop": false
    },
    "@angular/core": {
      "src": "../../../../../../node_modules/@angular/core/fesm2022/core.mjs",
      "file": "@angular_core.js",
      "fileHash": "c7e38a44",
      "needsInterop": false
    },
    "@angular/forms": {
      "src": "../../../../../../node_modules/@angular/forms/fesm2022/forms.mjs",
      "file": "@angular_forms.js",
      "fileHash": "95a8e1d9",
      "needsInterop": false
    },
    "@angular/platform-browser": {
      "src": "../../../../../../node_modules/@angular/platform-browser/fesm2022/platform-browser.mjs",
      "file": "@angular_platform-browser.js",
      "fileHash": "f4a5e2da",
      "needsInterop": false
    },
    "@angular/router": {
      "src": "../../../../../../node_modules/@angular/router/fesm2022/router.mjs",
      "file": "@angular_router.js",
      "fileHash": "bba9edf4",
      "needsInterop": false
    },
    "rxjs": {
      "src": "../../../../../../node_modules/rxjs/dist/esm5/index.js",
      "file": "rxjs.js",
      "fileHash": "0f98d75f",
      "needsInterop": false
    },
    "sweetalert2": {
      "src": "../../../../../../node_modules/sweetalert2/dist/sweetalert2.esm.all.js",
      "file": "sweetalert2.js",
      "fileHash": "0ff35e10",
      "needsInterop": false
    }
  },
  "chunks": {
    "chunk-IIETPED6": {
      "file": "chunk-IIETPED6.js"
    },
    "chunk-RTPRC3P2": {
      "file": "chunk-RTPRC3P2.js"
    },
    "chunk-4LVXS4CH": {
      "file": "chunk-4LVXS4CH.js"
    },
    "chunk-SHF6UZMQ": {
      "file": "chunk-SHF6UZMQ.js"
    },
    "chunk-AHEWJ4Y3": {
      "file": "chunk-AHEWJ4Y3.js"
    },
    "chunk-WDMUDEB6": {
      "file": "chunk-WDMUDEB6.js"
    }
  }
}